3052.21,3076.75,89266360
3051.21,3082.97,92867192
3061.76,3083.34,96499416
3031.02,3069.66,88481184
3035.02,3063.59,91379128
2994.89,3050.76,87085704
2963.44,2993.84,59627992
2963.49,3013.52,63749772
3011.97,3057.52,71418912
3025.31,3070.94,79872192
3034.74,3085.99,84612952
3028.69,3084.85,92381800
3030.91,3058.83,81011944
3011.09,3044.17,92259664
3016.22,3102.40,126383896
3061.47,3098.46,117156512
3060.96,3095.99,105327648
3054.55,3093.09,111038872
3041.69,3067.52,101296288
3022.37,3063.00,119670784
2955.07,3023.74,92918960
2938.75,2998.91,80392856
3002.81,3026.66,68505144
2993.44,3018.86,56092124
2976.08,3001.64,56646304
2958.22,2983.18,55588004
2929.21,2957.47,62282208
2922.19,2954.27,63299584
2918.91,2959.23,97274992
2968.68,3015.13,99918368
2890.02,3005.13,101022536
2930.56,2990.75,82485792
2912.89,2981.37,88147120
2968.45,3024.85,80475872
2963.89,3006.04,73365768
2972.63,3028.65,76552216
3001.96,3107.20,93507096
3092.93,3137.00,78361864
3062.63,3147.83,137758528
3126.90,3176.15,114337072
3148.33,3255.13,158243120
3236.84,3268.81,129943528
3202.21,3238.24,135067232
3197.22,3241.81,120541136
3165.60,3219.02,135954496
3165.49,3232.82,158344272
3180.08,3275.20,140655232
3197.33,3306.75,136327216
3149.02,3198.92,98377144
3176.71,3268.82,128652832
3253.04,3295.87,123651376
3221.46,3290.51,126115064
3243.32,3295.28,109447928
2477.46,2530.33,118598368
2392.27,2484.19,88838960
2389.07,2428.46,70793304
2423.65,2487.24,105539232
2456.10,2494.59,72946144
2439.24,2468.69,66327020
2455.81,2501.02,82922344
2398.68,2485.60,85890152
2402.00,2436.28,54485956
2392.57,2421.68,56110700
2356.55,2409.78,61364296
2335.57,2378.09,47996452
2319.74,2386.40,68329568
2371.78,2410.77,49967688
2382.36,2411.44,55210568
2425.93,2541.14,73744904
2528.39,2561.49,43203936
2534.27,2572.83,50078852
2554.34,2586.90,48856572
2546.52,2593.67,58776820
2572.96,2598.35,63681460
2504.31,2587.34,78554424
2505.33,2568.86,67218456
2559.72,2595.51,54957040
2566.62,2590.98,66519280
2554.79,2581.05,74583960
2501.12,2589.47,96030984
2491.65,2531.88,63032468
2491.66,2527.10,65697988
2527.87,2556.97,56518496
2551.53,2596.14,69502328
2521.06,2572.34,64866632
2534.27,2598.90,74666112
2591.53,2665.39,78743880
2641.41,2686.54,86947992
2583.55,2662.08,87883568
2610.51,2644.94,68710464
2609.09,2659.74,93269056
2596.32,2680.49,112497272
2481.97,2584.45,83856096
2551.45,2609.64,66390040
2554.98,2623.96,71372184
2529.62,2603.32,82792384
2557.24,2663.88,82648328
2677.19,2712.86,73368024
2646.90,2711.07,83077736
2604.20,2668.12,82544160
2638.53,2751.07,87897112
2646.59,2713.06,81854048
2665.81,2732.18,92026256
2735.00,2838.95,92649320
2770.33,2857.29,95340576
2809.13,2862.55,66079848
2820.95,2875.81,88734440
2867.94,2928.93,89344432
2865.47,2916.68,83749408
2866.34,2962.15,108271280
2965.83,2996.83,89146672
2966.78,3015.63,103518712
2978.46,3023.64,121726672
2972.10,3034.33,116308512
2941.35,2998.91,101732248
2977.77,3096.78,129360504
3121.37,3159.67,80934920
3135.99,3181.66,106263912
3145.55,3167.66,106435848
3101.48,3173.63,143982032
3111.90,3156.21,137962704
2969.30,3007.01,143537936
2988.87,3056.40,176268288
3017.82,3073.38,198778896
2959.30,3051.54,192114240
2954.62,2997.62,147079888
2958.55,3018.24,161436144
2942.50,3041.15,207804416
2931.91,3002.37,170667824
2944.72,3026.10,263316928
2858.22,2971.16,236568560
2864.52,2919.41,229461712
2826.22,2862.03,185281680
2782.34,2843.43,167428336
2755.03,2823.60,207535264
2677.99,2747.80,135759552
2597.60,2656.00,89580360
2603.93,2634.12,88618656
2607.02,2625.33,93117432
2597.14,2629.04,76844656
2580.18,2601.10,58101408
2573.63,2607.35,79469520
2592.53,2615.08,83171360
2583.34,2653.27,118998200
2645.86,2688.49,122039816
2678.97,2703.78,120712408
2660.61,2696.67,117918912
2628.83,2667.84,113041152
2651.60,2698.64,132989432
2674.32,2695.84,113519408
2679.02,2704.93,112231536
2664.24,2698.60,144209072
2631.85,2660.54,129456528
2636.42,2659.98,124076240
2604.49,2662.88,127164936
2626.79,2647.25,110890240
2620.19,2656.35,110479520
2588.64,2613.49,70466096
2590.61,2616.96,80313856
2595.73,2645.50,109695824
2614.56,2667.17,107243640
2629.71,2656.12,88136544
2636.91,2683.29,116172184
2659.30,2701.93,128441608
2654.41,2687.76,136254352
2654.01,2677.57,122638296
2596.77,2665.31,125862816
2564.84,2607.03,88820448
2570.96,2608.76,92675208
2586.02,2618.45,86941464
2594.34,2675.31,127010016
2650.40,2676.09,119964752
2598.91,2659.41,120927280
2606.62,2640.59,113514384
2589.99,2638.90,112123744
2626.72,2681.79,127971096
2633.65,2675.76,112944632
2614.73,2643.03,94773792
2623.94,2656.41,139123616
2564.16,2636.00,128979536
2565.64,2588.00,86605240
2556.47,2589.48,93326488
2549.24,2579.52,114373152
2522.20,2563.24,105934216
2520.15,2553.45,114247832
2477.46,2530.33,118598368
2785.30,2805.05,73350096
2748.54,2790.92,91502816
2733.29,2759.44,85427992
2677.21,2753.00,105569168
2676.77,2710.74,60750900
2661.45,2701.04,69481408
2690.65,2736.11,87920800
2667.29,2746.18,95639040
2676.13,2752.80,86047192
2700.81,2759.60,78493168
2683.37,2715.41,60377276
2698.78,2780.94,92519120
2780.44,2817.05,76753880
2810.87,2837.53,74886264
2788.13,2828.47,79246112
2770.34,2810.76,80553776
2786.86,2847.36,90780880
2807.87,2868.00,113129568
2816.95,2853.88,84705616
2824.30,2850.49,104415280
2810.11,2855.40,110072792
2758.13,2808.93,83350216
2724.54,2768.13,73172048
2721.48,2753.02,63941280
2730.41,2775.15,84332632
2774.54,2876.81,97807280
2813.50,2853.49,81216848
2849.84,2893.71,89002488
2867.05,2917.20,98325552
2846.63,2908.17,106825624
2804.56,2911.56,113755496
2881.00,2898.81,73677136
2891.86,2921.27,87606312
2905.65,2939.05,109462488
2912.42,2933.41,120944936
2847.66,2923.77,128878472
2792.52,2850.42,80496104
2808.51,2854.70,94622560
2843.94,2880.56,86707376
2809.11,2884.53,86785496
2831.70,2871.41,89773056
2822.74,2853.40,83521008
2841.47,2870.81,104195760
2795.81,2834.20,81263296
2758.92,2881.16,139324864
2841.79,2878.83,102452544
2851.96,2894.42,110866184
2856.96,2901.68,131608456
2794.86,2861.49,116156240
2791.58,2872.17,116311952
2852.77,2904.97,127117712
2806.64,2888.75,123778456
2827.18,2873.70,102226184
2824.12,2891.05,123780256
2885.75,3007.64,171089376
2939.68,3016.13,153152448
2975.16,3150.15,233084944
3102.77,3186.72,210274736
3093.88,3124.26,185052432
3110.34,3159.02,192455744
3124.09,3160.70,205417968
3105.92,3142.59,211955792
3035.37,3087.42,176857088
3017.10,3069.07,189848016
3029.32,3089.57,224947280
2986.89,3054.05,186243168
2955.48,2996.77,147109760
2969.30,3007.01,143537936
2846.31,2877.09,84648256
2832.25,2871.99,93238816
2843.10,2876.45,100240960
2868.35,2897.14,92477120
2865.10,2891.03,81297176
2861.42,2885.18,81576160
2834.46,2881.71,91063912
2849.91,2880.12,91084432
2860.07,2916.97,111481128
2890.23,2933.46,96402720
2871.01,2913.56,87534256
2884.84,2953.19,105230880
2907.66,2961.13,105492480
2931.50,2970.28,95154824
2964.64,3003.61,117316616
3004.47,3032.97,118525616
3012.54,3035.47,121510664
2992.67,3019.12,119741656
2996.22,3038.81,141896400
3037.19,3067.46,137488736
3020.16,3062.53,128530984
3036.73,3058.24,129487104
2994.47,3050.40,128202656
3003.45,3039.12,145990544
3019.89,3059.57,147189568
2998.34,3031.10,114337792
2990.31,3012.29,124734584
2963.90,3005.24,141650624
2924.39,2967.85,99844096
2914.38,2961.63,108935608
2935.75,2968.18,126493552
2953.54,2994.17,168543248
2979.20,3005.78,156016880
2946.70,2985.08,136396368
2942.13,2958.66,108955976
2911.63,2950.42,112603472
2884.75,2923.39,95117456
2895.15,2927.07,96760280
2900.87,2930.61,100637336
2885.65,2935.62,137797824
2894.25,2934.02,130777240
2850.95,2927.98,154951952
2914.46,2939.65,116910624
2927.68,2966.98,115994480
2954.37,2995.77,123799888
2989.34,3012.04,124790736
2976.60,3001.62,126681152
2952.72,3000.43,160105888
2898.08,2944.46,118277240
2900.76,2937.56,150488880
2883.57,2924.96,133442264
2901.55,2931.58,136555056
2861.82,2906.17,118705768
2848.65,2890.32,100094032
2854.56,2881.54,109772584
2839.20,2868.48,111083056
2851.62,2944.41,153004624
2884.19,2932.82,118855888
2890.26,2924.23,113775464
2905.03,2939.28,130415496
2882.55,2924.19,127805696
2892.64,2934.47,152449888
2828.57,2906.26,154242976
2807.60,2835.41,107758176
2760.18,2819.06,97919768
2764.87,2804.21,87257784
2536.26,2569.28,65462468
2514.95,2554.18,60944196
2507.78,2553.42,61214428
2513.75,2538.27,70606800
2556.86,2603.49,70989280
2596.04,2617.17,70109152
2601.50,2636.36,85226856
2584.41,2627.10,88676840
2585.85,2605.45,97171208
2505.01,2582.16,95597264
2544.95,2579.16,100369344
2437.68,2537.41,103723888
2497.92,2614.19,110302496
2605.14,2644.58,78571832
2675.53,2698.81,58872112
2654.36,2688.06,63981608
2651.28,2689.97,69993184
2688.53,2712.89,59000708
2681.27,2721.53,75471656
2684.66,2712.09,78474912
2680.43,2726.80,80407784
2677.12,2704.94,72881456
2680.75,2759.63,111242248
2763.80,2782.17,70211832
2763.42,2799.85,81760584
2779.38,2817.28,84030616
2790.69,2809.31,92740888
2807.11,2826.96,108108624
2794.16,2821.34,107470056
2788.98,2811.70,104502080
2756.03,2797.27,91929128
2752.19,2783.72,96674480
2780.67,2807.32,86063592
2784.13,2807.38,86211608
2793.89,2825.12,116512144
2780.73,2811.81,103104392
2799.11,2818.14,110124224
2770.94,2813.27,121962264
2752.97,2778.67,92072880
2729.99,2774.36,90967120
2727.25,2759.23,88224192
2736.40,2763.28,88277456
2743.50,2769.04,101601016
2674.30,2759.71,125773632
2630.34,2693.42,73772688
2633.47,2657.73,58313800
2618.81,2648.02,64821872
2610.99,2637.88,60059864
2641.39,2675.03,64442636
2663.12,2691.94,70927872
2705.07,2730.48,74856944
2691.67,2735.55,83097512
2669.40,2703.42,63069460
2672.32,2707.74,73400296
2702.70,2747.33,83469264
2715.25,2754.12,74294664
2717.31,2745.77,65021292
2701.25,2732.43,67983944
2676.54,2728.00,86021160
2726.50,2744.56,68555496
2702.09,2744.93,67900384
2689.21,2728.06,65174388
2708.55,2746.84,82521056
2734.54,2764.89,78741312
2737.33,2771.18,74406536
2744.78,2771.75,74852896
2771.12,2853.29,98622048
2850.45,2866.76,70743784
2856.83,2884.14,76994536
2843.68,2877.43,76826976
2821.20,2869.23,94819848
2846.31,2877.09,84648256
2344.85,2378.30,59868848
2376.92,2423.56,98650048
2319.44,2407.33,76611104
2388.20,2413.33,55123188
2372.16,2396.83,46064664
2372.62,2403.94,45362548
2370.70,2409.72,52154148
2390.65,2418.56,50547852
2387.83,2414.85,51443232
2396.09,2419.24,50170368
2411.04,2448.51,72180808
2459.17,2482.53,66414284
2456.86,2529.46,93382112
2518.70,2534.06,79227752
2496.33,2529.63,81229816
2472.76,2496.53,66137668
2478.14,2507.45,87111088
2489.02,2527.70,78208576
2500.02,2524.82,78672656
2507.61,2536.18,78867176
2512.90,2536.78,101873672
2507.30,2535.24,136576320
2433.72,2505.12,105468200
2445.53,2491.35,88892416
2455.21,2478.31,84172568
2456.18,2483.76,110032720
2426.31,2449.70,82408960
2394.73,2448.98,107447176
2357.39,2414.05,90888880
2307.15,2371.09,70874072
2313.78,2340.31,48436724
2315.90,2368.64,65425212
2374.42,2401.69,58534636
2378.67,2425.65,79525744
2424.73,2452.99,58267684
2409.29,2437.59,60673164
2406.28,2439.64,87860104
2318.63,2421.69,91508576
2323.41,2412.38,63975808
2338.69,2368.15,41745304
2348.22,2377.54,48818372
2358.57,2387.54,59191240
2383.40,2430.27,55758448
2395.16,2423.91,55231432
2384.64,2441.73,57425044
2400.14,2440.75,67302688
2442.46,2499.98,74695408
2438.85,2517.67,86689280
2426.70,2460.03,46265892
2437.17,2469.60,48746824
2475.76,2499.48,47986852
2477.65,2496.57,56003688
2439.37,2485.93,54065976
2453.80,2477.08,49930920
2487.15,2528.42,51253380
2498.11,2524.38,55271952
2475.22,2516.75,59665860
2459.54,2482.24,49223172
2478.20,2510.10,55031064
2517.62,2557.31,54436584
2547.85,2584.80,57290928
2545.10,2574.42,59169720
2563.69,2615.14,75910688
2570.84,2595.47,73696096
2593.24,2616.64,77850448
2545.05,2616.30,104537976
2536.26,2569.28,65462468
2414.97,2440.51,100624056
2401.10,2426.70,96782128
2388.52,2413.70,94790632
2406.06,2442.00,103709008
2442.11,2469.84,112693328
2430.10,2461.12,103228376
2418.33,2437.87,75083288
2426.33,2453.07,95536944
2431.83,2458.65,118361992
2444.63,2478.38,158073248
2405.27,2439.98,134903248
2396.71,2416.80,112553592
2374.03,2404.44,118684272
2345.05,2382.15,79348672
2362.01,2388.01,88911584
2344.76,2372.51,71924840
2342.07,2373.80,95051168
2335.10,2374.28,98861024
2332.25,2352.47,73130416
2325.03,2365.34,86263584
2339.89,2368.98,96501616
2333.94,2363.61,98032320
2286.82,2350.97,87114528
2278.82,2319.71,67326904
2317.42,2341.57,75734480
2300.98,2336.27,78943696
2268.69,2312.56,63471872
2263.34,2305.86,53553812
2277.06,2296.38,48738324
2284.29,2324.49,58413684
2293.89,2322.89,69922752
2259.34,2305.71,72498864
2257.90,2311.58,89940416
2196.12,2298.38,87803552
2206.04,2241.26,45859524
2225.74,2281.53,71474328
2265.26,2295.22,71569992
2265.19,2290.64,84441776
2218.27,2288.63,109585416
2148.45,2226.22,76759840
2132.63,2164.32,50583056
2145.56,2183.40,58743444
2168.64,2217.52,49245536
2177.52,2200.99,51943840
2157.11,2181.96,44749200
2134.02,2170.67,49633432
2162.72,2196.97,45712180
2186.07,2213.45,43613664
2178.14,2219.79,52421324
2149.42,2201.59,58986116
2188.71,2237.47,50877260
2206.52,2239.86,52761112
2164.89,2221.45,57818464
2170.75,2225.54,57265904
2179.47,2216.91,56712188
2224.73,2256.74,44079820
2245.87,2285.81,58627476
2290.26,2315.81,39632580
2309.46,2331.26,39988560
2302.64,2346.65,51473520
2317.81,2339.85,41570308
2310.16,2331.89,45917076
2327.61,2363.13,52214968
2344.85,2378.30,59868848
2298.39,2313.46,60135904
2309.71,2325.05,60594620
2283.40,2314.24,68687584
2293.06,2314.58,71633720
2284.65,2319.71,78454352
2280.95,2298.95,59941980
2278.16,2311.77,64197964
2276.71,2306.88,67924640
2288.67,2328.67,60232048
2301.03,2323.11,58532028
2304.05,2323.30,66078524
2308.23,2348.20,90179352
2365.44,2388.09,77021920
2362.31,2382.99,77890224
2378.13,2391.69,89809800
2358.37,2393.28,117157728
2309.07,2361.74,94962104
2327.41,2355.81,74019248
2344.58,2373.06,79206808
2350.55,2378.08,84216584
2354.87,2374.06,76779784
2330.32,2360.39,74840344
2338.24,2369.60,89689416
2342.35,2383.31,86870024
2344.50,2372.03,76733832
2354.61,2376.59,77922920
2377.98,2411.27,90526344
2393.38,2415.98,74863992
2402.20,2419.12,81698472
2407.51,2432.47,97902216
2431.02,2451.60,104855544
2432.74,2451.95,108830104
2427.97,2453.73,102204864
2427.73,2441.95,102248488
2407.79,2446.35,128006008
2393.87,2408.42,91228352
2393.26,2414.75,115529584
2376.63,2411.42,130972864
2350.40,2415.75,133722360
2383.07,2411.51,122907552
2372.13,2407.29,115522056
2369.46,2386.98,94272416
2337.86,2383.64,108612544
2333.34,2363.01,84688448
2342.20,2364.11,85322680
2346.94,2369.70,98774416
2307.84,2351.05,97687888
2280.03,2319.05,75130072
2258.85,2306.39,67345528
2284.44,2304.65,59760640
2291.56,2309.64,72136520
2251.39,2303.82,80101456
2246.25,2266.21,62024144
2242.34,2280.96,74248088
2281.43,2341.42,83645280
2344.30,2363.77,60881116
2339.14,2358.00,55427732
2342.12,2371.26,76862144
2364.13,2386.10,79348880
2361.22,2396.72,95686536
2376.03,2407.54,97903936
2383.67,2412.34,102153496
2368.31,2406.15,103675616
2366.02,2403.74,120025496
2382.84,2476.22,179786032
2428.61,2457.22,104649704
2420.84,2440.86,106223064
2002.32,2068.07,76691456
1999.48,2033.04,50400828
2021.81,2039.10,48219408
2005.26,2040.85,57637780
2018.26,2041.95,60289456
2023.08,2060.31,67482656
2055.20,2069.95,52243632
2053.66,2074.76,53794852
2077.48,2121.58,76392232
2111.12,2136.23,91248272
2110.00,2130.08,79044968
2109.14,2137.89,84114744
2107.22,2127.52,80426640
2120.49,2140.17,103580024
2062.99,2145.00,139932624
2036.37,2052.95,56091816
2029.05,2048.32,57649804
2039.27,2063.82,57462184
2041.16,2066.78,60635500
2044.65,2059.30,46143904
2032.54,2060.19,61963792
2051.77,2073.95,52209808
2052.49,2083.96,54422104
2055.38,2085.37,60314832
2089.22,2109.82,60178948
2097.08,2118.74,58472300
2097.60,2121.15,58441412
2103.07,2124.20,60756504
2089.02,2110.78,46717500
2100.79,2120.71,44390636
2109.66,2122.68,45173008
2118.50,2139.14,54609392
2119.25,2144.01,67571592
2134.55,2164.04,71352320
2165.28,2176.79,68368560
2148.69,2175.54,72529248
2153.02,2168.73,72869536
2148.90,2159.68,75049800
2127.26,2158.68,71843208
2108.33,2133.27,53371332
2103.50,2126.46,53467540
2101.71,2130.71,53804600
2100.25,2116.90,53456096
2107.63,2137.74,51992380
2120.63,2139.15,52076916
2124.16,2147.66,52884076
2132.83,2151.45,48575892
2131.01,2158.95,54411284
2135.56,2154.17,55677080
2162.06,2185.73,64346672
2159.94,2197.79,79338048
2138.79,2170.30,66552656
2141.48,2165.33,55184408
2146.15,2188.06,67487680
2177.92,2198.66,57546840
2152.68,2197.04,82133760
2156.60,2176.49,58614472
2156.73,2178.20,58993972
2168.61,2216.70,75111472
2185.52,2227.47,76557920
2192.65,2218.22,57967932
2219.45,2239.27,55273656
2219.05,2244.83,62703024
2215.36,2234.87,62196208
2188.72,2226.49,61441884
2195.36,2224.16,54182184
2213.32,2233.54,51049128
2203.94,2229.24,52940800
2223.05,2253.51,59768948
2253.79,2288.45,58992012
2291.54,2304.46,54103956
2298.39,2313.46,60135904
2256.56,2296.11,139469920
2236.46,2269.51,128031408
2204.00,2234.87,115924928
2204.79,2234.72,129023496
2206.79,2220.48,121858632
2146.86,2220.26,143327696
2149.82,2170.39,78469664
2148.17,2190.40,103372872
2142.95,2174.82,99384184
2154.29,2175.40,94391520
2144.73,2183.71,126099464
2151.94,2169.57,144242224
2062.54,2152.50,160873808
2059.47,2081.36,72272320
2066.39,2085.93,78559136
2070.19,2088.64,93370832
2064.61,2087.01,115383224
2023.96,2065.75,115157288
2018.38,2036.61,81459224
1970.20,2040.60,119973040
1949.46,1980.12,62378124
1957.88,1988.19,61653376
1959.33,1983.42,56893416
1961.82,1980.56,49540084
1968.21,1984.86,50505584
1990.34,2014.21,56627420
2014.03,2027.27,44779552
2017.00,2034.88,51551468
2009.72,2023.08,45577844
1995.17,2031.15,53282024
2004.17,2023.61,42580636
1995.72,2018.38,45327016
2001.72,2028.69,49581680
2029.87,2053.56,50556856
2040.17,2056.49,48093000
2044.04,2078.13,61087292
2061.84,2079.57,56694856
2062.42,2077.23,54223464
2070.65,2092.56,66594560
2093.29,2112.63,59380128
2078.47,2114.79,71343848
2104.58,2123.33,71538760
2096.53,2119.22,76557216
2069.95,2109.50,82886672
2053.58,2070.48,59527236
2054.26,2075.91,60569092
2053.09,2068.24,53635012
2058.06,2102.16,78606432
2100.61,2128.74,85393112
2104.67,2124.00,72886624
2111.92,2136.22,72683808
2112.75,2138.03,60117224
2125.74,2136.87,67641280
2107.49,2137.69,87191088
2088.04,2113.16,59874064
2089.70,2111.78,57818440
2085.11,2107.20,53940752
2092.51,2127.31,68262976
2101.14,2117.84,74497032
2102.53,2121.99,78912032
2081.59,2119.34,84563792
2063.09,2096.26,55131612
2040.35,2089.63,79448952
2002.32,2068.07,76691456
2177.39,2204.99,71632320
2204.44,2226.26,66846340
2217.26,2242.48,73632704
2212.56,2233.04,80619624
2215.47,2234.73,82896544
2180.67,2212.59,86257472
2217.25,2241.34,81795264
2220.44,2253.42,89714320
2227.31,2243.95,77411776
2228.81,2246.87,85565472
2232.91,2273.55,127658704
2289.00,2323.48,96331192
2281.12,2319.99,104449016
2319.91,2344.89,97031528
2314.97,2332.00,101167296
2311.60,2330.81,119200912
2257.42,2317.86,131241288
2232.02,2261.31,87582104
2239.21,2276.05,93122776
2250.00,2312.08,116477808
2253.31,2276.22,80294088
2253.25,2286.33,90972784
2264.83,2333.29,117664464
2296.58,2320.96,84111904
2314.59,2333.67,98794144
2304.27,2352.02,139756352
2321.60,2351.44,141333696
2270.10,2328.14,131136592
2259.25,2333.54,161750032
2330.86,2369.65,120312752
2308.92,2366.16,126950496
2292.03,2324.63,97824888
2289.89,2340.71,117638664
2315.01,2338.78,88367368
2308.76,2330.88,96981832
2309.17,2378.82,144059472
2370.61,2397.94,110280584
2373.53,2427.07,123473336
2415.43,2444.80,116174992
2414.40,2443.03,109070384
2394.22,2433.89,120008632
2427.70,2441.73,116579960
2403.30,2437.42,150754512
2417.58,2440.38,167551408
2369.57,2421.15,140818176
2371.23,2391.82,139707888
2347.89,2383.76,149878912
2337.35,2363.80,141853936
2295.35,2346.92,128383768
2288.26,2308.38,92605736
2287.30,2362.94,161031664
2296.49,2325.12,118179720
2301.30,2335.81,149466576
2305.10,2329.58,134680448
2285.97,2324.51,125438024
2275.88,2305.60,119101840
2279.51,2326.76,153511168
2309.32,2332.78,165645984
2235.11,2317.62,144749888
2234.95,2290.21,125068280
2268.65,2295.48,120066672
2259.05,2283.90,122014928
2262.98,2289.14,122907872
2266.86,2293.32,118162808
2010.42,2042.77,106655776
2005.09,2051.53,109517360
1970.64,2005.47,82922192
1990.25,2035.22,104577568
2016.90,2043.37,92132048
2043.23,2075.81,103251320
2038.54,2066.36,96737400
2037.25,2076.67,101470360
2036.05,2074.86,121174176
2010.40,2092.87,159970768
1960.28,2009.36,89797984
1946.37,1969.15,64538732
1953.12,1983.21,84136488
2002.37,2021.54,91345224
1974.10,2022.14,100394176
1965.52,1996.54,93466472
1978.43,2007.62,86415424
1957.57,1995.92,78051392
1925.65,1987.98,100737968
1942.37,1980.54,105813320
1922.82,1959.16,101192528
1849.65,1963.57,138158528
1958.40,2068.86,109198216
2042.88,2085.86,79673224
2082.82,2132.81,77787928
2115.79,2150.82,75425016
2138.35,2161.68,69632272
2147.03,2169.36,75757792
2142.78,2163.85,77857472
2126.22,2190.10,94371096
2205.07,2250.63,89978080
2240.07,2266.69,81538696
2260.87,2276.86,76483304
2264.76,2297.10,101895816
2294.11,2313.43,96882808
2299.37,2325.53,108162552
2310.49,2325.72,111913032
2321.17,2334.33,125250736
2270.25,2292.59,101441208
2274.10,2304.95,124019848
2292.43,2314.18,128360032
2290.12,2305.30,124173176
2281.90,2309.39,139150512
2248.41,2288.09,126126008
2210.77,2252.87,110284384
2213.58,2225.19,71722896
2205.87,2239.93,83244976
2231.36,2250.85,86211224
2225.81,2247.67,90335480
2221.38,2247.86,98531632
2235.42,2255.21,90371936
2219.44,2240.26,86452360
2212.50,2236.07,92268144
2179.05,2222.81,88583464
2161.14,2179.65,68337936
2173.86,2210.58,76673968
2191.85,2224.63,96704184
2184.11,2226.12,91600264
2182.81,2242.62,96541320
2232.26,2245.12,95233728
2200.58,2250.11,109660560
2175.44,2206.03,71616928
2178.47,2197.51,68314176
2165.78,2196.43,79992176
2177.39,2204.99,71632320
2132.63,2157.31,89118472
2137.47,2155.51,108063016
2121.84,2161.94,119643360
2093.20,2163.66,143092800
2123.07,2140.96,88401328
2122.68,2170.61,113924512
2159.87,2183.41,103008952
2177.73,2226.85,146347088
2204.24,2227.34,149132832
2190.39,2230.28,136694400
2184.36,2203.29,103724624
2183.25,2211.03,126767944
2183.40,2228.11,154638640
2221.14,2240.25,153722832
2226.40,2242.98,165983392
2200.53,2228.87,156892176
2186.48,2214.59,149775888
2185.18,2212.35,130871736
2161.49,2200.02,126710200
2165.16,2176.30,92810080
2149.59,2165.78,105401784
2154.72,2192.23,140415344
2193.72,2217.97,160212768
2187.24,2219.54,160415056
2198.34,2223.07,133174856
2172.04,2195.90,115111888
2184.92,2230.93,154542544
2226.17,2248.47,154884032
2228.48,2259.42,171984224
2226.29,2270.27,209715120
2233.00,2258.07,244349456
2202.82,2238.55,237206656
2151.35,2218.53,219427088
2119.02,2143.24,143260656
2115.24,2127.85,126544104
2115.75,2133.00,142000384
2095.46,2123.85,138893184
2078.46,2108.68,149158528
2089.09,2114.39,170075648
2088.24,2110.89,133268224
2080.86,2113.82,161392032
2090.43,2105.38,126341968
2056.13,2097.34,119932648
2029.36,2079.85,112426352
2062.37,2083.33,90928304
2056.91,2076.32,87445992
2066.07,2098.98,107381768
2052.70,2091.13,97446776
2061.65,2198.85,153063328
2079.97,2108.41,99396656
2093.04,2122.97,114437808
2093.80,2106.40,117708872
2055.72,2102.35,135128976
2030.13,2061.71,95316416
2037.25,2058.56,84133288
2043.75,2069.56,107712592
2034.96,2066.74,105580976
2025.23,2050.91,85517968
2025.65,2047.08,93592768
1997.06,2029.93,91256688
1987.88,2015.47,70160608
1965.36,2006.23,77219784
1969.85,1997.84,78683272
2000.80,2021.57,73800424
2016.43,2045.36,98545368
2010.42,2042.77,106655776
2014.70,2044.73,73598752
2031.47,2045.93,62615184
2039.77,2051.58,73865464
2026.99,2047.13,72529048
2029.63,2044.85,88815424
2034.45,2060.99,92947920
2039.05,2052.53,84210584
2008.93,2052.34,98892848
1992.02,2014.15,59844912
1984.82,2005.94,56271248
2001.33,2017.87,67305720
2014.41,2034.71,72755720
2010.20,2027.41,67436224
2001.14,2027.43,70366616
2000.40,2027.18,66544780
2008.01,2029.30,75616120
2026.45,2057.20,75941880
2037.11,2062.95,71647368
2029.25,2052.28,63402936
2034.01,2078.68,89587608
2075.90,2102.17,84497240
2101.02,2113.11,68485480
2087.42,2120.27,80474376
2095.06,2112.01,74085056
2069.59,2110.36,76756832
2070.55,2102.66,78541408
2088.30,2107.23,65139096
2079.81,2111.80,70251472
2068.54,2099.52,68146640
2082.85,2131.74,86775216
2126.25,2159.14,73123480
2142.62,2156.59,64173584
2146.31,2165.54,78578936
2159.99,2201.70,101387592
2183.84,2204.64,85101008
2194.90,2214.55,86108672
2193.16,2228.63,109473144
2231.68,2250.50,109043128
2231.73,2249.17,93273640
2228.63,2248.15,103700928
2239.14,2255.26,122048408
2215.92,2260.87,157292944
2193.25,2227.93,113506408
2172.63,2231.92,174282000
2212.26,2224.94,106959056
2202.62,2234.39,134456784
2176.85,2207.62,115384416
2176.18,2192.58,100460832
2181.42,2209.15,108282656
2188.77,2211.07,113866456
2177.74,2206.53,137245504
2186.64,2207.10,118961856
2186.11,2203.30,125082304
2143.77,2198.32,157502704
2100.79,2153.21,125894520
2078.99,2102.38,83799376
2086.01,2117.91,88257096
2108.40,2127.94,79446736
2093.63,2117.28,69678304
2103.51,2128.58,83096856
2119.19,2141.60,81842608
2138.78,2166.17,100487344
2124.84,2158.15,91900024
2143.21,2160.58,76147944
2132.63,2157.31,89118472
2002.76,2018.16,61345384
1996.02,2023.27,65329440
2012.69,2027.76,66353660
2022.86,2047.32,75845152
2042.74,2056.57,72011128
2043.55,2061.06,97223384
2016.64,2055.51,115742072
2001.30,2020.45,76224248
2005.69,2036.94,77865392
2008.45,2024.63,74360192
2021.48,2038.70,74609416
2007.35,2028.96,79933392
2016.58,2029.54,74528576
1997.64,2021.68,76221280
2000.14,2035.99,89795264
2035.57,2065.64,93042328
2056.19,2075.76,78185952
2059.11,2076.35,78531520
2047.33,2073.66,98719880
2065.23,2103.08,96378368
2081.19,2099.64,88155696
2095.71,2110.72,89896328
2092.16,2112.05,89361656
2098.15,2125.90,107531152
2116.61,2134.43,102077848
2120.18,2138.65,131768360
2098.08,2146.67,156789600
2095.64,2108.75,105340464
2052.90,2102.45,133370984
2035.22,2060.10,83189056
2037.45,2066.01,108618424
2046.74,2060.78,102658528
2028.10,2050.68,83286576
2024.19,2048.13,94356528
2035.24,2060.13,121681960
2042.71,2073.98,119149376
2057.65,2074.57,102611120
2057.49,2079.55,131822232
2043.33,2074.06,147700080
1986.07,2052.47,144477648
1993.00,2030.85,110333048
2002.44,2022.18,95180800
2020.41,2034.92,96777192
1999.25,2024.37,86250376
1990.98,2017.91,87775112
1996.53,2029.12,100978112
1974.38,2011.06,101361712
1985.60,2008.07,92705272
1995.55,2042.63,115696672
2050.47,2079.49,103709544
2030.95,2065.79,109290136
2050.18,2074.81,107733088
2050.12,2074.02,115925792
2047.07,2078.33,127460896
2020.94,2058.49,111637904
2036.39,2068.31,132163848
2014.38,2041.63,110112688
2026.54,2087.62,140132976
2058.79,2099.72,123555304
2098.33,2132.70,117662648
2136.48,2177.98,157052272
2111.17,2152.96,151261248
2113.13,2134.14,142869312
2117.69,2136.45,140244432
2095.09,2116.19,111517952
2096.97,2122.83,146532640
2096.51,2110.90,126333184
2082.52,2111.06,142211328
2049.98,2087.98,124331840
2194.86,2219.47,124229016
2204.05,2216.67,120885880
2200.62,2232.78,163507424
2222.01,2241.55,162119584
2225.27,2243.30,160111664
2211.63,2240.08,165733504
2233.89,2248.94,167658384
2227.93,2246.02,177744592
2228.13,2242.03,163928624
2203.24,2230.87,149978688
2204.38,2230.89,170149120
2202.44,2230.99,178062800
2210.00,2222.98,154799040
2198.31,2225.96,150583424
2180.60,2199.58,135181440
2185.76,2220.57,175233264
2192.99,2223.89,177711696
2206.85,2226.84,175386992
2186.92,2224.07,174097408
2184.64,2218.79,191475040
2173.90,2202.13,164691648
2177.24,2194.57,184922192
2172.10,2193.52,200264256
2135.25,2181.50,236185744
2106.71,2127.22,142495824
2079.63,2107.95,165676992
2072.23,2088.19,137292208
2049.81,2078.08,123191872
2049.18,2061.82,93857872
2046.00,2067.23,106641088
2046.19,2062.89,104491816
2061.57,2075.49,137128016
2059.68,2070.36,124488768
2044.90,2067.34,115119736
2033.00,2051.74,105088080
2034.96,2045.53,97943816
2037.60,2062.47,113305848
2047.20,2064.43,95053392
2050.89,2064.04,97168752
2054.22,2065.08,105008792
2048.08,2066.64,122926584
2044.04,2060.59,109553912
2041.94,2052.64,98457408
2038.53,2052.34,96666592
2025.07,2043.98,97592016
2025.31,2040.75,80955776
2018.36,2030.62,67539608
2021.75,2034.71,71214632
2022.92,2033.32,70485160
2010.53,2027.15,67167248
2017.65,2059.25,92914280
2051.75,2066.91,87245352
2064.67,2080.48,87800480
2069.44,2087.32,95939768
2048.62,2073.60,97174808
2045.96,2057.10,81711184
2045.41,2056.63,74444352
2026.39,2052.76,79623712
2023.20,2045.26,64788316
2022.16,2041.57,66021744
2016.18,2041.70,67949536
2012.91,2038.48,72412768
2037.30,2049.58,71584120
2031.37,2046.96,75148896
2039.24,2057.08,81242920
2029.34,2052.66,81338648
2032.84,2044.15,67577888
2035.09,2045.38,70281224
2017.74,2034.57,63488068
2018.88,2041.96,74728472
1991.06,2025.19,61811548
2002.76,2018.16,61345384
2813.05,2978.03,640500288
2772.43,2900.51,532687712
2733.87,2824.18,562120320
2665.69,2777.37,437733376
2668.84,2720.74,446791712
2622.06,2683.18,465880032
2599.11,2631.40,364075712
2570.40,2605.07,337127232
2527.08,2568.38,314315584
2495.52,2546.75,363485824
2446.65,2488.20,212239776
2437.48,2458.32,165495216
2442.71,2461.49,186235776
2449.81,2477.05,201062560
2472.45,2508.77,215687808
2457.04,2481.02,220607616
2471.41,2507.74,295037056
2444.81,2494.92,252933856
2445.96,2508.62,411904096
2428.19,2474.16,300628192
2407.44,2454.42,291172256
3114.79,3146.46,105425960
3110.26,3143.83,114643384
3132.24,3161.08,103521568
3141.93,3177.97,116814704
3141.87,3159.60,122789384
3111.94,3148.34,126779216
3101.76,3130.11,101143344
3113.77,3132.58,102431520
3071.69,3130.28,131895112
3009.91,3067.71,93077720
3012.31,3051.36,90190544
